kernel,operation,distribution,width,run,time_sec
Atomic,scatter,uniform,7,0,1.438997700e-02
Atomic,scatter,uniform,7,1,1.437938600e-02
Atomic,scatter,uniform,7,2,1.430738800e-02
Atomic,scatter,uniform,7,3,1.432447500e-02
Atomic,scatter,uniform,7,4,1.433388200e-02
Atomic,scatter,uniform,7,5,1.433401100e-02
Atomic,scatter,uniform,7,6,1.432661900e-02
Atomic,scatter,uniform,7,7,1.432809000e-02
Atomic,scatter,uniform,7,8,1.436056900e-02
Atomic,scatter,uniform,7,9,1.431199600e-02
Atomic,scatter,uniform,7,10,1.433695500e-02
Atomic,scatter,uniform,7,11,1.431711500e-02
Atomic,scatter,uniform,7,12,1.432581900e-02
Atomic,scatter,uniform,7,13,1.431145100e-02
Atomic,scatter,uniform,7,14,1.433132300e-02
Atomic,scatter,uniform,7,15,1.432741900e-02
Atomic,scatter,uniform,7,16,1.433730700e-02
Atomic,scatter,uniform,7,17,1.434082700e-02
Atomic,scatter,uniform,7,18,1.433951400e-02
Atomic,scatter,uniform,7,19,1.432764300e-02
Tiled,scatter,uniform,7,0,1.905586600e-02
Tiled,scatter,uniform,7,1,1.904201100e-02
Tiled,scatter,uniform,7,2,1.900569300e-02
Tiled,scatter,uniform,7,3,1.897865400e-02
Tiled,scatter,uniform,7,4,1.900870000e-02
Tiled,scatter,uniform,7,5,1.904201100e-02
Tiled,scatter,uniform,7,6,1.902367600e-02
Tiled,scatter,uniform,7,7,1.904783400e-02
Tiled,scatter,uniform,7,8,1.907909800e-02
Tiled,scatter,uniform,7,9,1.904028300e-02
Tiled,scatter,uniform,7,10,1.904658700e-02
Tiled,scatter,uniform,7,11,1.889827200e-02
Tiled,scatter,uniform,7,12,1.890153600e-02
Tiled,scatter,uniform,7,13,1.887948900e-02
Tiled,scatter,uniform,7,14,1.890339200e-02
Tiled,scatter,uniform,7,15,1.892630300e-02
Tiled,scatter,uniform,7,16,1.888857600e-02
Tiled,scatter,uniform,7,17,1.885510600e-02
Tiled,scatter,uniform,7,18,1.891190300e-02
Tiled,scatter,uniform,7,19,1.892595200e-02
GridParallel,scatter,uniform,7,0,6.970420000e-03
GridParallel,scatter,uniform,7,1,6.974132000e-03
GridParallel,scatter,uniform,7,2,6.981779000e-03
GridParallel,scatter,uniform,7,3,6.975444000e-03
GridParallel,scatter,uniform,7,4,6.978804000e-03
GridParallel,scatter,uniform,7,5,6.972724000e-03
GridParallel,scatter,uniform,7,6,6.965460000e-03
GridParallel,scatter,uniform,7,7,6.970516000e-03
GridParallel,scatter,uniform,7,8,6.975988000e-03
GridParallel,scatter,uniform,7,9,6.972852000e-03
GridParallel,scatter,uniform,7,10,6.964437000e-03
GridParallel,scatter,uniform,7,11,6.972564000e-03
GridParallel,scatter,uniform,7,12,6.975956000e-03
GridParallel,scatter,uniform,7,13,6.973236000e-03
GridParallel,scatter,uniform,7,14,6.973108000e-03
GridParallel,scatter,uniform,7,15,6.971828000e-03
GridParallel,scatter,uniform,7,16,6.967860000e-03
GridParallel,scatter,uniform,7,17,6.982772000e-03
GridParallel,scatter,uniform,7,18,6.972532000e-03
GridParallel,scatter,uniform,7,19,6.984948000e-03
Direct,gather,uniform,7,0,3.218131000e-03
Direct,gather,uniform,7,1,3.221875000e-03
Direct,gather,uniform,7,2,3.227763000e-03
Direct,gather,uniform,7,3,3.233107000e-03
Direct,gather,uniform,7,4,3.239090000e-03
Direct,gather,uniform,7,5,3.240018000e-03
Direct,gather,uniform,7,6,3.212499000e-03
Direct,gather,uniform,7,7,3.217267000e-03
Direct,gather,uniform,7,8,3.225203000e-03
Direct,gather,uniform,7,9,3.227283000e-03
Direct,gather,uniform,7,10,3.224851000e-03
Direct,gather,uniform,7,11,3.220755000e-03
Direct,gather,uniform,7,12,3.222963000e-03
Direct,gather,uniform,7,13,3.219187000e-03
Direct,gather,uniform,7,14,3.238162000e-03
Direct,gather,uniform,7,15,3.220083000e-03
Direct,gather,uniform,7,16,3.226738000e-03
Direct,gather,uniform,7,17,3.222002000e-03
Direct,gather,uniform,7,18,3.234642000e-03
Direct,gather,uniform,7,19,3.216724000e-03
Sorted,gather,uniform,7,0,1.655048000e-03
Sorted,gather,uniform,7,1,1.650568000e-03
Sorted,gather,uniform,7,2,1.645864000e-03
Sorted,gather,uniform,7,3,1.649769000e-03
Sorted,gather,uniform,7,4,1.649416000e-03
Sorted,gather,uniform,7,5,1.648552000e-03
Sorted,gather,uniform,7,6,1.646473000e-03
Sorted,gather,uniform,7,7,1.645128000e-03
Sorted,gather,uniform,7,8,1.650953000e-03
Sorted,gather,uniform,7,9,1.652360000e-03
Sorted,gather,uniform,7,10,1.645960000e-03
Sorted,gather,uniform,7,11,1.651240000e-03
Sorted,gather,uniform,7,12,1.649448000e-03
Sorted,gather,uniform,7,13,1.640521000e-03
Sorted,gather,uniform,7,14,1.649704000e-03
Sorted,gather,uniform,7,15,1.642825000e-03
Sorted,gather,uniform,7,16,1.659464000e-03
Sorted,gather,uniform,7,17,1.647432000e-03
Sorted,gather,uniform,7,18,1.646793000e-03
Sorted,gather,uniform,7,19,1.653800000e-03
TeamParallel,gather,uniform,7,0,3.446795000e-03
TeamParallel,gather,uniform,7,1,3.442348000e-03
TeamParallel,gather,uniform,7,2,3.436588000e-03
TeamParallel,gather,uniform,7,3,3.433004000e-03
TeamParallel,gather,uniform,7,4,3.433228000e-03
TeamParallel,gather,uniform,7,5,3.451755000e-03
TeamParallel,gather,uniform,7,6,3.457355000e-03
TeamParallel,gather,uniform,7,7,3.436748000e-03
TeamParallel,gather,uniform,7,8,3.442795000e-03
TeamParallel,gather,uniform,7,9,3.446315000e-03
TeamParallel,gather,uniform,7,10,3.437740000e-03
TeamParallel,gather,uniform,7,11,3.431788000e-03
TeamParallel,gather,uniform,7,12,3.436044000e-03
TeamParallel,gather,uniform,7,13,3.429068000e-03
TeamParallel,gather,uniform,7,14,3.434604000e-03
TeamParallel,gather,uniform,7,15,3.433644000e-03
TeamParallel,gather,uniform,7,16,3.427884000e-03
TeamParallel,gather,uniform,7,17,3.430604000e-03
TeamParallel,gather,uniform,7,18,3.426732000e-03
TeamParallel,gather,uniform,7,19,3.431180000e-03
Native,gather,uniform,7,0,2.292787000e-03
Native,gather,uniform,7,1,2.281138000e-03
Native,gather,uniform,7,2,2.287698000e-03
Native,gather,uniform,7,3,2.273043000e-03
Native,gather,uniform,7,4,2.294483000e-03
Native,gather,uniform,7,5,2.277843000e-03
Native,gather,uniform,7,6,2.279987000e-03
Native,gather,uniform,7,7,2.288051000e-03
Native,gather,uniform,7,8,2.287794000e-03
Native,gather,uniform,7,9,2.293139000e-03
Native,gather,uniform,7,10,2.278611000e-03
Native,gather,uniform,7,11,2.291954000e-03
Native,gather,uniform,7,12,2.275955000e-03
Native,gather,uniform,7,13,2.288818000e-03
Native,gather,uniform,7,14,2.292595000e-03
Native,gather,uniform,7,15,2.296434000e-03
Native,gather,uniform,7,16,2.288691000e-03
Native,gather,uniform,7,17,2.286962000e-03
Native,gather,uniform,7,18,2.292722000e-03
Native,gather,uniform,7,19,2.288467000e-03
Atomic,scatter,uniform,3,0,1.186232000e-03
Atomic,scatter,uniform,3,1,1.181816000e-03
Atomic,scatter,uniform,3,2,1.188151000e-03
Atomic,scatter,uniform,3,3,1.190168000e-03
Atomic,scatter,uniform,3,4,1.183607000e-03
Atomic,scatter,uniform,3,5,1.193720000e-03
Atomic,scatter,uniform,3,6,1.187415000e-03
Atomic,scatter,uniform,3,7,1.186488000e-03
Atomic,scatter,uniform,3,8,1.181080000e-03
Atomic,scatter,uniform,3,9,1.179672000e-03
Atomic,scatter,uniform,3,10,1.182104000e-03
Atomic,scatter,uniform,3,11,1.181912000e-03
Atomic,scatter,uniform,3,12,1.185176000e-03
Atomic,scatter,uniform,3,13,1.183320000e-03
Atomic,scatter,uniform,3,14,1.188856000e-03
Atomic,scatter,uniform,3,15,1.179736000e-03
Atomic,scatter,uniform,3,16,1.190264000e-03
Atomic,scatter,uniform,3,17,1.179800000e-03
Atomic,scatter,uniform,3,18,1.184536000e-03
Atomic,scatter,uniform,3,19,1.178328000e-03
Tiled,scatter,uniform,3,0,2.202838000e-03
Tiled,scatter,uniform,3,1,2.195574000e-03
Tiled,scatter,uniform,3,2,2.202645000e-03
Tiled,scatter,uniform,3,3,2.201686000e-03
Tiled,scatter,uniform,3,4,2.198198000e-03
Tiled,scatter,uniform,3,5,2.204021000e-03
Tiled,scatter,uniform,3,6,2.207317000e-03
Tiled,scatter,uniform,3,7,2.203765000e-03
Tiled,scatter,uniform,3,8,2.203349000e-03
Tiled,scatter,uniform,3,9,2.202038000e-03
Tiled,scatter,uniform,3,10,2.196694000e-03
Tiled,scatter,uniform,3,11,2.199477000e-03
Tiled,scatter,uniform,3,12,2.203382000e-03
Tiled,scatter,uniform,3,13,2.193846000e-03
Tiled,scatter,uniform,3,14,2.208725000e-03
Tiled,scatter,uniform,3,15,2.206357000e-03
Tiled,scatter,uniform,3,16,2.206229000e-03
Tiled,scatter,uniform,3,17,2.196790000e-03
Tiled,scatter,uniform,3,18,2.197846000e-03
Tiled,scatter,uniform,3,19,2.205141000e-03
GridParallel,scatter,uniform,3,0,2.542250000e-03
GridParallel,scatter,uniform,3,1,2.544073000e-03
GridParallel,scatter,uniform,3,2,2.546826000e-03
GridParallel,scatter,uniform,3,3,2.547754000e-03
GridParallel,scatter,uniform,3,4,2.547082000e-03
GridParallel,scatter,uniform,3,5,2.535562000e-03
GridParallel,scatter,uniform,3,6,2.540522000e-03
GridParallel,scatter,uniform,3,7,2.530730000e-03
GridParallel,scatter,uniform,3,8,2.547273000e-03
GridParallel,scatter,uniform,3,9,2.540106000e-03
GridParallel,scatter,uniform,3,10,2.536362000e-03
GridParallel,scatter,uniform,3,11,2.538538000e-03
GridParallel,scatter,uniform,3,12,2.541674000e-03
GridParallel,scatter,uniform,3,13,2.549226000e-03
GridParallel,scatter,uniform,3,14,2.543498000e-03
GridParallel,scatter,uniform,3,15,2.536426000e-03
GridParallel,scatter,uniform,3,16,2.539306000e-03
GridParallel,scatter,uniform,3,17,2.540618000e-03
GridParallel,scatter,uniform,3,18,2.543658000e-03
GridParallel,scatter,uniform,3,19,2.534314000e-03
Direct,gather,uniform,3,0,3.891070000e-04
Direct,gather,uniform,3,1,3.891060000e-04
Direct,gather,uniform,3,2,3.907060000e-04
Direct,gather,uniform,3,3,3.887230000e-04
Direct,gather,uniform,3,4,3.903230000e-04
Direct,gather,uniform,3,5,3.878590000e-04
Direct,gather,uniform,3,6,3.875380000e-04
Direct,gather,uniform,3,7,3.881140000e-04
Direct,gather,uniform,3,8,3.884350000e-04
Direct,gather,uniform,3,9,3.889470000e-04
Direct,gather,uniform,3,10,3.872510000e-04
Direct,gather,uniform,3,11,3.884350000e-04
Direct,gather,uniform,3,12,3.884350000e-04
Direct,gather,uniform,3,13,3.875070000e-04
Direct,gather,uniform,3,14,3.884030000e-04
Direct,gather,uniform,3,15,3.894910000e-04
Direct,gather,uniform,3,16,3.889470000e-04
Direct,gather,uniform,3,17,3.900030000e-04
Direct,gather,uniform,3,18,3.891390000e-04
Direct,gather,uniform,3,19,3.886270000e-04
Sorted,gather,uniform,3,0,6.219950000e-04
Sorted,gather,uniform,3,1,6.210670000e-04
Sorted,gather,uniform,3,2,6.216110000e-04
Sorted,gather,uniform,3,3,6.216430000e-04
Sorted,gather,uniform,3,4,6.210990000e-04
Sorted,gather,uniform,3,5,6.221870000e-04
Sorted,gather,uniform,3,6,6.243630000e-04
Sorted,gather,uniform,3,7,6.235950000e-04
Sorted,gather,uniform,3,8,6.191470000e-04
Sorted,gather,uniform,3,9,6.232430000e-04
Sorted,gather,uniform,3,10,6.240740000e-04
Sorted,gather,uniform,3,11,6.223150000e-04
Sorted,gather,uniform,3,12,6.250350000e-04
Sorted,gather,uniform,3,13,6.231790000e-04
Sorted,gather,uniform,3,14,6.260270000e-04
Sorted,gather,uniform,3,15,6.230510000e-04
Sorted,gather,uniform,3,16,6.230190000e-04
Sorted,gather,uniform,3,17,6.250350000e-04
Sorted,gather,uniform,3,18,6.274030000e-04
Sorted,gather,uniform,3,19,6.199150000e-04
TeamParallel,gather,uniform,3,0,2.114904000e-03
TeamParallel,gather,uniform,3,1,2.116153000e-03
TeamParallel,gather,uniform,3,2,2.109401000e-03
TeamParallel,gather,uniform,3,3,2.111352000e-03
TeamParallel,gather,uniform,3,4,2.112536000e-03
TeamParallel,gather,uniform,3,5,2.114489000e-03
TeamParallel,gather,uniform,3,6,2.110360000e-03
TeamParallel,gather,uniform,3,7,2.111096000e-03
TeamParallel,gather,uniform,3,8,2.111097000e-03
TeamParallel,gather,uniform,3,9,2.113721000e-03
TeamParallel,gather,uniform,3,10,2.111288000e-03
TeamParallel,gather,uniform,3,11,2.111512000e-03
TeamParallel,gather,uniform,3,12,2.108473000e-03
TeamParallel,gather,uniform,3,13,2.113401000e-03
TeamParallel,gather,uniform,3,14,2.112696000e-03
TeamParallel,gather,uniform,3,15,2.110169000e-03
TeamParallel,gather,uniform,3,16,2.111641000e-03
TeamParallel,gather,uniform,3,17,2.114680000e-03
TeamParallel,gather,uniform,3,18,2.117752000e-03
TeamParallel,gather,uniform,3,19,2.112088000e-03
Native,gather,uniform,3,0,1.124666000e-03
Native,gather,uniform,3,1,1.118426000e-03
Native,gather,uniform,3,2,1.124122000e-03
Native,gather,uniform,3,3,1.122938000e-03
Native,gather,uniform,3,4,1.120282000e-03
Native,gather,uniform,3,5,1.119610000e-03
Native,gather,uniform,3,6,1.116858000e-03
Native,gather,uniform,3,7,1.117850000e-03
Native,gather,uniform,3,8,1.119002000e-03
Native,gather,uniform,3,9,1.120378000e-03
Native,gather,uniform,3,10,1.120090000e-03
Native,gather,uniform,3,11,1.119610000e-03
Native,gather,uniform,3,12,1.121626000e-03
Native,gather,uniform,3,13,1.122010000e-03
Native,gather,uniform,3,14,1.117755000e-03
Native,gather,uniform,3,15,1.121882000e-03
Native,gather,uniform,3,16,1.117722000e-03
Native,gather,uniform,3,17,1.122714000e-03
Native,gather,uniform,3,18,1.119098000e-03
Native,gather,uniform,3,19,1.120634000e-03
Atomic,scatter,uniform,4,0,2.728548000e-03
Atomic,scatter,uniform,4,1,2.730820000e-03
Atomic,scatter,uniform,4,2,2.740291000e-03
Atomic,scatter,uniform,4,3,2.743555000e-03
Atomic,scatter,uniform,4,4,2.719940000e-03
Atomic,scatter,uniform,4,5,2.735908000e-03
Atomic,scatter,uniform,4,6,2.733188000e-03
Atomic,scatter,uniform,4,7,2.734915000e-03
Atomic,scatter,uniform,4,8,2.741571000e-03
Atomic,scatter,uniform,4,9,2.739267000e-03
Atomic,scatter,uniform,4,10,2.732931000e-03
Atomic,scatter,uniform,4,11,2.729700000e-03
Atomic,scatter,uniform,4,12,2.731620000e-03
Atomic,scatter,uniform,4,13,2.728003000e-03
Atomic,scatter,uniform,4,14,2.722052000e-03
Atomic,scatter,uniform,4,15,2.719524000e-03
Atomic,scatter,uniform,4,16,2.723332000e-03
Atomic,scatter,uniform,4,17,2.717476000e-03
Atomic,scatter,uniform,4,18,2.718116000e-03
Atomic,scatter,uniform,4,19,2.728611000e-03
Tiled,scatter,uniform,4,0,3.562695000e-03
Tiled,scatter,uniform,4,1,3.564679000e-03
Tiled,scatter,uniform,4,2,3.567207000e-03
Tiled,scatter,uniform,4,3,3.565831000e-03
Tiled,scatter,uniform,4,4,3.574407000e-03
Tiled,scatter,uniform,4,5,3.565639000e-03
Tiled,scatter,uniform,4,6,3.561127000e-03
Tiled,scatter,uniform,4,7,3.567975000e-03
Tiled,scatter,uniform,4,8,3.557767000e-03
Tiled,scatter,uniform,4,9,3.569703000e-03
Tiled,scatter,uniform,4,10,3.554984000e-03
Tiled,scatter,uniform,4,11,3.563688000e-03
Tiled,scatter,uniform,4,12,3.564647000e-03
Tiled,scatter,uniform,4,13,3.556295000e-03
Tiled,scatter,uniform,4,14,3.567271000e-03
Tiled,scatter,uniform,4,15,3.567271000e-03
Tiled,scatter,uniform,4,16,3.558279000e-03
Tiled,scatter,uniform,4,17,3.563943000e-03
Tiled,scatter,uniform,4,18,3.563688000e-03
Tiled,scatter,uniform,4,19,3.572519000e-03
GridParallel,scatter,uniform,4,0,3.220819000e-03
GridParallel,scatter,uniform,4,1,3.208628000e-03
GridParallel,scatter,uniform,4,2,3.204436000e-03
GridParallel,scatter,uniform,4,3,3.209587000e-03
GridParallel,scatter,uniform,4,4,3.207155000e-03
GridParallel,scatter,uniform,4,5,3.214227000e-03
GridParallel,scatter,uniform,4,6,3.200851000e-03
GridParallel,scatter,uniform,4,7,3.209908000e-03
GridParallel,scatter,uniform,4,8,3.209204000e-03
GridParallel,scatter,uniform,4,9,3.218003000e-03
GridParallel,scatter,uniform,4,10,3.205748000e-03
GridParallel,scatter,uniform,4,11,3.212244000e-03
GridParallel,scatter,uniform,4,12,3.223859000e-03
GridParallel,scatter,uniform,4,13,3.214867000e-03
GridParallel,scatter,uniform,4,14,3.206867000e-03
GridParallel,scatter,uniform,4,15,3.202068000e-03
GridParallel,scatter,uniform,4,16,3.208051000e-03
GridParallel,scatter,uniform,4,17,3.207827000e-03
GridParallel,scatter,uniform,4,18,3.214739000e-03
GridParallel,scatter,uniform,4,19,3.212499000e-03
Direct,gather,uniform,4,0,7.047450000e-04
Direct,gather,uniform,4,1,7.024400000e-04
Direct,gather,uniform,4,2,7.021840000e-04
Direct,gather,uniform,4,3,7.045840000e-04
Direct,gather,uniform,4,4,7.029200000e-04
Direct,gather,uniform,4,5,7.021850000e-04
Direct,gather,uniform,4,6,7.012240000e-04
Direct,gather,uniform,4,7,7.042650000e-04
Direct,gather,uniform,4,8,7.004880000e-04
Direct,gather,uniform,4,9,7.038800000e-04
Direct,gather,uniform,4,10,7.002320000e-04
Direct,gather,uniform,4,11,7.028240000e-04
Direct,gather,uniform,4,12,7.030480000e-04
Direct,gather,uniform,4,13,7.020560000e-04
Direct,gather,uniform,4,14,7.038160000e-04
Direct,gather,uniform,4,15,7.026640000e-04
Direct,gather,uniform,4,16,7.024410000e-04
Direct,gather,uniform,4,17,7.050640000e-04
Direct,gather,uniform,4,18,7.011920000e-04
Direct,gather,uniform,4,19,7.034650000e-04
Sorted,gather,uniform,4,0,6.661210000e-04
Sorted,gather,uniform,4,1,6.553050000e-04
Sorted,gather,uniform,4,2,6.569370000e-04
Sorted,gather,uniform,4,3,6.577690000e-04
Sorted,gather,uniform,4,4,6.652570000e-04
Sorted,gather,uniform,4,5,6.628580000e-04
Sorted,gather,uniform,4,6,6.565540000e-04
Sorted,gather,uniform,4,7,6.574820000e-04
Sorted,gather,uniform,4,8,6.602650000e-04
Sorted,gather,uniform,4,9,6.577370000e-04
Sorted,gather,uniform,4,10,6.554330000e-04
Sorted,gather,uniform,4,11,6.595930000e-04
Sorted,gather,uniform,4,12,6.618650000e-04
Sorted,gather,uniform,4,13,6.584740000e-04
Sorted,gather,uniform,4,14,6.600420000e-04
Sorted,gather,uniform,4,15,6.532900000e-04
Sorted,gather,uniform,4,16,6.584740000e-04
Sorted,gather,uniform,4,17,6.572580000e-04
Sorted,gather,uniform,4,18,6.591780000e-04
Sorted,gather,uniform,4,19,6.570340000e-04
TeamParallel,gather,uniform,4,0,2.227924000e-03
TeamParallel,gather,uniform,4,1,2.230229000e-03
TeamParallel,gather,uniform,4,2,2.228437000e-03
TeamParallel,gather,uniform,4,3,2.233588000e-03
TeamParallel,gather,uniform,4,4,2.227093000e-03
TeamParallel,gather,uniform,4,5,2.233557000e-03
TeamParallel,gather,uniform,4,6,2.228020000e-03
TeamParallel,gather,uniform,4,7,2.227476000e-03
TeamParallel,gather,uniform,4,8,2.226453000e-03
TeamParallel,gather,uniform,4,9,2.228405000e-03
TeamParallel,gather,uniform,4,10,2.223189000e-03
TeamParallel,gather,uniform,4,11,2.226196000e-03
TeamParallel,gather,uniform,4,12,2.226260000e-03
TeamParallel,gather,uniform,4,13,2.226773000e-03
TeamParallel,gather,uniform,4,14,2.225044000e-03
TeamParallel,gather,uniform,4,15,2.227413000e-03
TeamParallel,gather,uniform,4,16,2.227572000e-03
TeamParallel,gather,uniform,4,17,2.227700000e-03
TeamParallel,gather,uniform,4,18,2.228149000e-03
TeamParallel,gather,uniform,4,19,2.228277000e-03
Native,gather,uniform,4,0,1.196920000e-03
Native,gather,uniform,4,1,1.195895000e-03
Native,gather,uniform,4,2,1.197368000e-03
Native,gather,uniform,4,3,1.196440000e-03
Native,gather,uniform,4,4,1.203831000e-03
Native,gather,uniform,4,5,1.195992000e-03
Native,gather,uniform,4,6,1.194552000e-03
Native,gather,uniform,4,7,1.194071000e-03
Native,gather,uniform,4,8,1.195928000e-03
Native,gather,uniform,4,9,1.196696000e-03
Native,gather,uniform,4,10,1.197175000e-03
Native,gather,uniform,4,11,1.195576000e-03
Native,gather,uniform,4,12,1.198648000e-03
Native,gather,uniform,4,13,1.202743000e-03
Native,gather,uniform,4,14,1.200951000e-03
Native,gather,uniform,4,15,1.199767000e-03
Native,gather,uniform,4,16,1.194904000e-03
Native,gather,uniform,4,17,1.194263000e-03
Native,gather,uniform,4,18,1.195159000e-03
Native,gather,uniform,4,19,1.195160000e-03
Atomic,scatter,uniform,5,0,5.206320000e-03
Atomic,scatter,uniform,5,1,5.237294000e-03
Atomic,scatter,uniform,5,2,5.227951000e-03
Atomic,scatter,uniform,5,3,5.239470000e-03
Atomic,scatter,uniform,5,4,5.218543000e-03
Atomic,scatter,uniform,5,5,5.223343000e-03
Atomic,scatter,uniform,5,6,5.219887000e-03
Atomic,scatter,uniform,5,7,5.231375000e-03
Atomic,scatter,uniform,5,8,5.233359000e-03
Atomic,scatter,uniform,5,9,5.221616000e-03
Atomic,scatter,uniform,5,10,5.219248000e-03
Atomic,scatter,uniform,5,11,5.235695000e-03
Atomic,scatter,uniform,5,12,5.229775000e-03
Atomic,scatter,uniform,5,13,5.224303000e-03
Atomic,scatter,uniform,5,14,5.219695000e-03
Atomic,scatter,uniform,5,15,5.221615000e-03
Atomic,scatter,uniform,5,16,5.233070000e-03
Atomic,scatter,uniform,5,17,5.217264000e-03
Atomic,scatter,uniform,5,18,5.228239000e-03
Atomic,scatter,uniform,5,19,5.238095000e-03
Tiled,scatter,uniform,5,0,7.067153000e-03
Tiled,scatter,uniform,5,1,7.091856000e-03
Tiled,scatter,uniform,5,2,7.065393000e-03
Tiled,scatter,uniform,5,3,7.080048000e-03
Tiled,scatter,uniform,5,4,7.080880000e-03
Tiled,scatter,uniform,5,5,7.079984000e-03
Tiled,scatter,uniform,5,6,7.076241000e-03
Tiled,scatter,uniform,5,7,7.072305000e-03
Tiled,scatter,uniform,5,8,7.074544000e-03
Tiled,scatter,uniform,5,9,7.076240000e-03
Tiled,scatter,uniform,5,10,7.076784000e-03
Tiled,scatter,uniform,5,11,7.072337000e-03
Tiled,scatter,uniform,5,12,7.068336000e-03
Tiled,scatter,uniform,5,13,7.070193000e-03
Tiled,scatter,uniform,5,14,7.091952000e-03
Tiled,scatter,uniform,5,15,7.067825000e-03
Tiled,scatter,uniform,5,16,7.072976000e-03
Tiled,scatter,uniform,5,17,7.064657000e-03
Tiled,scatter,uniform,5,18,7.063601000e-03
Tiled,scatter,uniform,5,19,7.067761000e-03
GridParallel,scatter,uniform,5,0,6.578785000e-03
GridParallel,scatter,uniform,5,1,6.576290000e-03
GridParallel,scatter,uniform,5,2,6.561858000e-03
GridParallel,scatter,uniform,5,3,6.564673000e-03
GridParallel,scatter,uniform,5,4,6.565410000e-03
GridParallel,scatter,uniform,5,5,6.568737000e-03
GridParallel,scatter,uniform,5,6,6.570850000e-03
GridParallel,scatter,uniform,5,7,6.560258000e-03
GridParallel,scatter,uniform,5,8,6.564482000e-03
GridParallel,scatter,uniform,5,9,6.577761000e-03
GridParallel,scatter,uniform,5,10,6.560642000e-03
GridParallel,scatter,uniform,5,11,6.551714000e-03
GridParallel,scatter,uniform,5,12,6.552226000e-03
GridParallel,scatter,uniform,5,13,6.524611000e-03
GridParallel,scatter,uniform,5,14,6.520035000e-03
GridParallel,scatter,uniform,5,15,6.543138000e-03
GridParallel,scatter,uniform,5,16,6.520419000e-03
GridParallel,scatter,uniform,5,17,6.530467000e-03
GridParallel,scatter,uniform,5,18,6.526787000e-03
GridParallel,scatter,uniform,5,19,6.516259000e-03
Direct,gather,uniform,5,0,1.275252000e-03
Direct,gather,uniform,5,1,1.273557000e-03
Direct,gather,uniform,5,2,1.274581000e-03
Direct,gather,uniform,5,3,1.272469000e-03
Direct,gather,uniform,5,4,1.276149000e-03
Direct,gather,uniform,5,5,1.281941000e-03
Direct,gather,uniform,5,6,1.277397000e-03
Direct,gather,uniform,5,7,1.276469000e-03
Direct,gather,uniform,5,8,1.273973000e-03
Direct,gather,uniform,5,9,1.278453000e-03
Direct,gather,uniform,5,10,1.274165000e-03
Direct,gather,uniform,5,11,1.273205000e-03
Direct,gather,uniform,5,12,1.273877000e-03
Direct,gather,uniform,5,13,1.277173000e-03
Direct,gather,uniform,5,14,1.275765000e-03
Direct,gather,uniform,5,15,1.274037000e-03
Direct,gather,uniform,5,16,1.270261000e-03
Direct,gather,uniform,5,17,1.276308000e-03
Direct,gather,uniform,5,18,1.273941000e-03
Direct,gather,uniform,5,19,1.273557000e-03
Sorted,gather,uniform,5,0,8.229160000e-04
Sorted,gather,uniform,5,1,8.213480000e-04
Sorted,gather,uniform,5,2,8.200370000e-04
Sorted,gather,uniform,5,3,8.250280000e-04
Sorted,gather,uniform,5,4,8.263400000e-04
Sorted,gather,uniform,5,5,8.197170000e-04
Sorted,gather,uniform,5,6,8.284200000e-04
Sorted,gather,uniform,5,7,8.222120000e-04
Sorted,gather,uniform,5,8,8.179890000e-04
Sorted,gather,uniform,5,9,8.262440000e-04
Sorted,gather,uniform,5,10,8.283880000e-04
Sorted,gather,uniform,5,11,8.301480000e-04
Sorted,gather,uniform,5,12,8.246440000e-04
Sorted,gather,uniform,5,13,8.216040000e-04
Sorted,gather,uniform,5,14,8.245480000e-04
Sorted,gather,uniform,5,15,8.177970000e-04
Sorted,gather,uniform,5,16,8.191720000e-04
Sorted,gather,uniform,5,17,8.249000000e-04
Sorted,gather,uniform,5,18,8.263080000e-04
Sorted,gather,uniform,5,19,8.207400000e-04
TeamParallel,gather,uniform,5,0,2.519499000e-03
TeamParallel,gather,uniform,5,1,2.519563000e-03
TeamParallel,gather,uniform,5,2,2.509611000e-03
TeamParallel,gather,uniform,5,3,2.513739000e-03
TeamParallel,gather,uniform,5,4,2.509068000e-03
TeamParallel,gather,uniform,5,5,2.506251000e-03
TeamParallel,gather,uniform,5,6,2.510315000e-03
TeamParallel,gather,uniform,5,7,2.513291000e-03
TeamParallel,gather,uniform,5,8,2.506348000e-03
TeamParallel,gather,uniform,5,9,2.521034000e-03
TeamParallel,gather,uniform,5,10,2.510539000e-03
TeamParallel,gather,uniform,5,11,2.511403000e-03
TeamParallel,gather,uniform,5,12,2.514058000e-03
TeamParallel,gather,uniform,5,13,2.515786000e-03
TeamParallel,gather,uniform,5,14,2.514347000e-03
TeamParallel,gather,uniform,5,15,2.512619000e-03
TeamParallel,gather,uniform,5,16,2.511531000e-03
TeamParallel,gather,uniform,5,17,2.514250000e-03
TeamParallel,gather,uniform,5,18,2.507243000e-03
TeamParallel,gather,uniform,5,19,2.516107000e-03
Native,gather,uniform,5,0,1.449711000e-03
Native,gather,uniform,5,1,1.447311000e-03
Native,gather,uniform,5,2,1.449679000e-03
Native,gather,uniform,5,3,1.455118000e-03
Native,gather,uniform,5,4,1.456686000e-03
Native,gather,uniform,5,5,1.453103000e-03
Native,gather,uniform,5,6,1.449646000e-03
Native,gather,uniform,5,7,1.453710000e-03
Native,gather,uniform,5,8,1.450638000e-03
Native,gather,uniform,5,9,1.459438000e-03
Native,gather,uniform,5,10,1.459343000e-03
Native,gather,uniform,5,11,1.464623000e-03
Native,gather,uniform,5,12,1.459022000e-03
Native,gather,uniform,5,13,1.456110000e-03
Native,gather,uniform,5,14,1.453679000e-03
Native,gather,uniform,5,15,1.453135000e-03
Native,gather,uniform,5,16,1.453871000e-03
Native,gather,uniform,5,17,1.455055000e-03
Native,gather,uniform,5,18,1.457327000e-03
Native,gather,uniform,5,19,1.455951000e-03
Atomic,scatter,uniform,6,0,9.031150000e-03
Atomic,scatter,uniform,6,1,9.018094000e-03
Atomic,scatter,uniform,6,2,9.011663000e-03
Atomic,scatter,uniform,6,3,9.070349000e-03
Atomic,scatter,uniform,6,4,8.981616000e-03
Atomic,scatter,uniform,6,5,9.001679000e-03
Atomic,scatter,uniform,6,6,9.031886000e-03
Atomic,scatter,uniform,6,7,8.983088000e-03
Atomic,scatter,uniform,6,8,9.013710000e-03
Atomic,scatter,uniform,6,9,9.048238000e-03
Atomic,scatter,uniform,6,10,8.973713000e-03
Atomic,scatter,uniform,6,11,9.073548000e-03
Atomic,scatter,uniform,6,12,8.985712000e-03
Atomic,scatter,uniform,6,13,9.026319000e-03
Atomic,scatter,uniform,6,14,8.980240000e-03
Atomic,scatter,uniform,6,15,9.056142000e-03
Atomic,scatter,uniform,6,16,8.975856000e-03
Atomic,scatter,uniform,6,17,8.988400000e-03
Atomic,scatter,uniform,6,18,9.021838000e-03
Atomic,scatter,uniform,6,19,9.059373000e-03
Tiled,scatter,uniform,6,0,9.326597000e-03
Tiled,scatter,uniform,6,1,9.318181000e-03
Tiled,scatter,uniform,6,2,9.316036000e-03
Tiled,scatter,uniform,6,3,9.315684000e-03
Tiled,scatter,uniform,6,4,9.315429000e-03
Tiled,scatter,uniform,6,5,9.311268000e-03
Tiled,scatter,uniform,6,6,9.325476000e-03
Tiled,scatter,uniform,6,7,9.321189000e-03
Tiled,scatter,uniform,6,8,9.316517000e-03
Tiled,scatter,uniform,6,9,9.321604000e-03
Tiled,scatter,uniform,6,10,9.317892000e-03
Tiled,scatter,uniform,6,11,9.322020000e-03
Tiled,scatter,uniform,6,12,9.310725000e-03
Tiled,scatter,uniform,6,13,9.307205000e-03
Tiled,scatter,uniform,6,14,9.318629000e-03
Tiled,scatter,uniform,6,15,9.305573000e-03
Tiled,scatter,uniform,6,16,9.316037000e-03
Tiled,scatter,uniform,6,17,9.317701000e-03
Tiled,scatter,uniform,6,18,9.326500000e-03
Tiled,scatter,uniform,6,19,9.331876000e-03
GridParallel,scatter,uniform,6,0,5.035253000e-03
GridParallel,scatter,uniform,6,1,5.049461000e-03
GridParallel,scatter,uniform,6,2,5.036373000e-03
GridParallel,scatter,uniform,6,3,5.021526000e-03
GridParallel,scatter,uniform,6,4,5.026966000e-03
GridParallel,scatter,uniform,6,5,5.030550000e-03
GridParallel,scatter,uniform,6,6,5.046933000e-03
GridParallel,scatter,uniform,6,7,5.038869000e-03
GridParallel,scatter,uniform,6,8,5.040533000e-03
GridParallel,scatter,uniform,6,9,5.030806000e-03
GridParallel,scatter,uniform,6,10,5.036982000e-03
GridParallel,scatter,uniform,6,11,5.032597000e-03
GridParallel,scatter,uniform,6,12,5.032470000e-03
GridParallel,scatter,uniform,6,13,5.002615000e-03
GridParallel,scatter,uniform,6,14,4.984663000e-03
GridParallel,scatter,uniform,6,15,4.992503000e-03
GridParallel,scatter,uniform,6,16,4.984215000e-03
GridParallel,scatter,uniform,6,17,4.989558000e-03
GridParallel,scatter,uniform,6,18,4.998039000e-03
GridParallel,scatter,uniform,6,19,4.989175000e-03
Direct,gather,uniform,6,0,2.181110000e-03
Direct,gather,uniform,6,1,2.183798000e-03
Direct,gather,uniform,6,2,2.183670000e-03
Direct,gather,uniform,6,3,2.188789000e-03
Direct,gather,uniform,6,4,2.180566000e-03
Direct,gather,uniform,6,5,2.178070000e-03
Direct,gather,uniform,6,6,2.184470000e-03
Direct,gather,uniform,6,7,2.184886000e-03
Direct,gather,uniform,6,8,2.185174000e-03
Direct,gather,uniform,6,9,2.181431000e-03
Direct,gather,uniform,6,10,2.181046000e-03
Direct,gather,uniform,6,11,2.177431000e-03
Direct,gather,uniform,6,12,2.180950000e-03
Direct,gather,uniform,6,13,2.181622000e-03
Direct,gather,uniform,6,14,2.182742000e-03
Direct,gather,uniform,6,15,2.187990000e-03
Direct,gather,uniform,6,16,2.187318000e-03
Direct,gather,uniform,6,17,2.191190000e-03
Direct,gather,uniform,6,18,2.188374000e-03
Direct,gather,uniform,6,19,2.185590000e-03
Sorted,gather,uniform,6,0,1.103867000e-03
Sorted,gather,uniform,6,1,1.106811000e-03
Sorted,gather,uniform,6,2,1.097275000e-03
Sorted,gather,uniform,6,3,1.101691000e-03
Sorted,gather,uniform,6,4,1.109914000e-03
Sorted,gather,uniform,6,5,1.107579000e-03
Sorted,gather,uniform,6,6,1.105755000e-03
Sorted,gather,uniform,6,7,1.101754000e-03
Sorted,gather,uniform,6,8,1.115610000e-03
Sorted,gather,uniform,6,9,1.105851000e-03
Sorted,gather,uniform,6,10,1.108218000e-03
Sorted,gather,uniform,6,11,1.105851000e-03
Sorted,gather,uniform,6,12,1.104539000e-03
Sorted,gather,uniform,6,13,1.099259000e-03
Sorted,gather,uniform,6,14,1.104955000e-03
Sorted,gather,uniform,6,15,1.102459000e-03
Sorted,gather,uniform,6,16,1.109658000e-03
Sorted,gather,uniform,6,17,1.100603000e-03
Sorted,gather,uniform,6,18,1.104603000e-03
Sorted,gather,uniform,6,19,1.112635000e-03
TeamParallel,gather,uniform,6,0,2.859615000e-03
TeamParallel,gather,uniform,6,1,2.857152000e-03
TeamParallel,gather,uniform,6,2,2.858815000e-03
TeamParallel,gather,uniform,6,3,2.855744000e-03
TeamParallel,gather,uniform,6,4,2.856767000e-03
TeamParallel,gather,uniform,6,5,2.864703000e-03
TeamParallel,gather,uniform,6,6,2.853120000e-03
TeamParallel,gather,uniform,6,7,2.858623000e-03
TeamParallel,gather,uniform,6,8,2.850656000e-03
TeamParallel,gather,uniform,6,9,2.851168000e-03
TeamParallel,gather,uniform,6,10,2.853087000e-03
TeamParallel,gather,uniform,6,11,2.858560000e-03
TeamParallel,gather,uniform,6,12,2.858367000e-03
TeamParallel,gather,uniform,6,13,2.855360000e-03
TeamParallel,gather,uniform,6,14,2.858335000e-03
TeamParallel,gather,uniform,6,15,2.862207000e-03
TeamParallel,gather,uniform,6,16,2.849407000e-03
TeamParallel,gather,uniform,6,17,2.869567000e-03
TeamParallel,gather,uniform,6,18,2.856672000e-03
TeamParallel,gather,uniform,6,19,2.858239000e-03
Native,gather,uniform,6,0,1.709446000e-03
Native,gather,uniform,6,1,1.711334000e-03
Native,gather,uniform,6,2,1.715398000e-03
Native,gather,uniform,6,3,1.723878000e-03
Native,gather,uniform,6,4,1.722405000e-03
Native,gather,uniform,6,5,1.725573000e-03
Native,gather,uniform,6,6,1.714566000e-03
Native,gather,uniform,6,7,1.716005000e-03
Native,gather,uniform,6,8,1.723141000e-03
Native,gather,uniform,6,9,1.721606000e-03
Native,gather,uniform,6,10,1.715206000e-03
Native,gather,uniform,6,11,1.718854000e-03
Native,gather,uniform,6,12,1.712934000e-03
Native,gather,uniform,6,13,1.718309000e-03
Native,gather,uniform,6,14,1.715749000e-03
Native,gather,uniform,6,15,1.720741000e-03
Native,gather,uniform,6,16,1.713030000e-03
Native,gather,uniform,6,17,1.715846000e-03
Native,gather,uniform,6,18,1.712614000e-03
Native,gather,uniform,6,19,1.713094000e-03
Atomic,scatter,uniform,7,0,1.408752300e-02
Atomic,scatter,uniform,7,1,1.418115100e-02
Atomic,scatter,uniform,7,2,1.418758400e-02
Atomic,scatter,uniform,7,3,1.410669000e-02
Atomic,scatter,uniform,7,4,1.419507100e-02
Atomic,scatter,uniform,7,5,1.414249700e-02
Atomic,scatter,uniform,7,6,1.416620800e-02
Atomic,scatter,uniform,7,7,1.407379500e-02
Atomic,scatter,uniform,7,8,1.411747400e-02
Atomic,scatter,uniform,7,9,1.411078500e-02
Atomic,scatter,uniform,7,10,1.416803200e-02
Atomic,scatter,uniform,7,11,1.406698000e-02
Atomic,scatter,uniform,7,12,1.410848300e-02
Atomic,scatter,uniform,7,13,1.418220800e-02
Atomic,scatter,uniform,7,14,1.411072200e-02
Atomic,scatter,uniform,7,15,1.411065800e-02
Atomic,scatter,uniform,7,16,1.416121600e-02
Atomic,scatter,uniform,7,17,1.420403100e-02
Atomic,scatter,uniform,7,18,1.418489600e-02
Atomic,scatter,uniform,7,19,1.410429000e-02
Tiled,scatter,uniform,7,0,1.902828400e-02
Tiled,scatter,uniform,7,1,1.905999500e-02
Tiled,scatter,uniform,7,2,1.900562900e-02
Tiled,scatter,uniform,7,3,1.899746800e-02
Tiled,scatter,uniform,7,4,1.895350200e-02
Tiled,scatter,uniform,7,5,1.898786900e-02
Tiled,scatter,uniform,7,6,1.902559600e-02
Tiled,scatter,uniform,7,7,1.902130800e-02
Tiled,scatter,uniform,7,8,1.896854200e-02
Tiled,scatter,uniform,7,9,1.898649300e-02
Tiled,scatter,uniform,7,10,1.897967700e-02
Tiled,scatter,uniform,7,11,1.899257300e-02
Tiled,scatter,uniform,7,12,1.899926100e-02
Tiled,scatter,uniform,7,13,1.891446400e-02
Tiled,scatter,uniform,7,14,1.885584200e-02
Tiled,scatter,uniform,7,15,1.886451300e-02
Tiled,scatter,uniform,7,16,1.888387200e-02
Tiled,scatter,uniform,7,17,1.885885000e-02
Tiled,scatter,uniform,7,18,1.887964900e-02
Tiled,scatter,uniform,7,19,1.882605000e-02
GridParallel,scatter,uniform,7,0,6.984692000e-03
GridParallel,scatter,uniform,7,1,6.985492000e-03
GridParallel,scatter,uniform,7,2,6.984915000e-03
GridParallel,scatter,uniform,7,3,6.991731000e-03
GridParallel,scatter,uniform,7,4,6.993747000e-03
GridParallel,scatter,uniform,7,5,7.001075000e-03
GridParallel,scatter,uniform,7,6,6.986707000e-03
GridParallel,scatter,uniform,7,7,6.988723000e-03
GridParallel,scatter,uniform,7,8,6.985907000e-03
GridParallel,scatter,uniform,7,9,6.995635000e-03
GridParallel,scatter,uniform,7,10,6.988851000e-03
GridParallel,scatter,uniform,7,11,6.984468000e-03
GridParallel,scatter,uniform,7,12,6.989876000e-03
GridParallel,scatter,uniform,7,13,6.989396000e-03
GridParallel,scatter,uniform,7,14,6.975443000e-03
GridParallel,scatter,uniform,7,15,6.977204000e-03
GridParallel,scatter,uniform,7,16,6.989107000e-03
GridParallel,scatter,uniform,7,17,6.978771000e-03
GridParallel,scatter,uniform,7,18,6.981652000e-03
GridParallel,scatter,uniform,7,19,6.986355000e-03
Direct,gather,uniform,7,0,3.214899000e-03
Direct,gather,uniform,7,1,3.200531000e-03
Direct,gather,uniform,7,2,3.203027000e-03
Direct,gather,uniform,7,3,3.209940000e-03
Direct,gather,uniform,7,4,3.210195000e-03
Direct,gather,uniform,7,5,3.225107000e-03
Direct,gather,uniform,7,6,3.205235000e-03
Direct,gather,uniform,7,7,3.217843000e-03
Direct,gather,uniform,7,8,3.224211000e-03
Direct,gather,uniform,7,9,3.208180000e-03
Direct,gather,uniform,7,10,3.220339000e-03
Direct,gather,uniform,7,11,3.208980000e-03
Direct,gather,uniform,7,12,3.209715000e-03
Direct,gather,uniform,7,13,3.203060000e-03
Direct,gather,uniform,7,14,3.216531000e-03
Direct,gather,uniform,7,15,3.210484000e-03
Direct,gather,uniform,7,16,3.190612000e-03
Direct,gather,uniform,7,17,3.207283000e-03
Direct,gather,uniform,7,18,3.203859000e-03
Direct,gather,uniform,7,19,3.216244000e-03
Sorted,gather,uniform,7,0,1.645288000e-03
Sorted,gather,uniform,7,1,1.644521000e-03
Sorted,gather,uniform,7,2,1.654728000e-03
Sorted,gather,uniform,7,3,1.641832000e-03
Sorted,gather,uniform,7,4,1.646472000e-03
Sorted,gather,uniform,7,5,1.650888000e-03
Sorted,gather,uniform,7,6,1.649545000e-03
Sorted,gather,uniform,7,7,1.644616000e-03
Sorted,gather,uniform,7,8,1.653864000e-03
Sorted,gather,uniform,7,9,1.647785000e-03
Sorted,gather,uniform,7,10,1.650856000e-03
Sorted,gather,uniform,7,11,1.649864000e-03
Sorted,gather,uniform,7,12,1.646889000e-03
Sorted,gather,uniform,7,13,1.645928000e-03
Sorted,gather,uniform,7,14,1.647721000e-03
Sorted,gather,uniform,7,15,1.647336000e-03
Sorted,gather,uniform,7,16,1.648872000e-03
Sorted,gather,uniform,7,17,1.653225000e-03
Sorted,gather,uniform,7,18,1.651272000e-03
Sorted,gather,uniform,7,19,1.643176000e-03
TeamParallel,gather,uniform,7,0,3.435596000e-03
TeamParallel,gather,uniform,7,1,3.437964000e-03
TeamParallel,gather,uniform,7,2,3.442603000e-03
TeamParallel,gather,uniform,7,3,3.443595000e-03
TeamParallel,gather,uniform,7,4,3.435052000e-03
TeamParallel,gather,uniform,7,5,3.456011000e-03
TeamParallel,gather,uniform,7,6,3.444556000e-03
TeamParallel,gather,uniform,7,7,3.433484000e-03
TeamParallel,gather,uniform,7,8,3.450315000e-03
TeamParallel,gather,uniform,7,9,3.451723000e-03
TeamParallel,gather,uniform,7,10,3.441163000e-03
TeamParallel,gather,uniform,7,11,3.444012000e-03
TeamParallel,gather,uniform,7,12,3.440268000e-03
TeamParallel,gather,uniform,7,13,3.457163000e-03
TeamParallel,gather,uniform,7,14,3.441707000e-03
TeamParallel,gather,uniform,7,15,3.446667000e-03
TeamParallel,gather,uniform,7,16,3.448043000e-03
TeamParallel,gather,uniform,7,17,3.458187000e-03
TeamParallel,gather,uniform,7,18,3.446539000e-03
TeamParallel,gather,uniform,7,19,3.451915000e-03
Native,gather,uniform,7,0,2.303858000e-03
Native,gather,uniform,7,1,2.295250000e-03
Native,gather,uniform,7,2,2.295538000e-03
Native,gather,uniform,7,3,2.297522000e-03
Native,gather,uniform,7,4,2.291059000e-03
Native,gather,uniform,7,5,2.289618000e-03
Native,gather,uniform,7,6,2.288466000e-03
Native,gather,uniform,7,7,2.295795000e-03
Native,gather,uniform,7,8,2.296658000e-03
Native,gather,uniform,7,9,2.296050000e-03
Native,gather,uniform,7,10,2.297202000e-03
Native,gather,uniform,7,11,2.287314000e-03
Native,gather,uniform,7,12,2.291346000e-03
Native,gather,uniform,7,13,2.292946000e-03
Native,gather,uniform,7,14,2.290962000e-03
Native,gather,uniform,7,15,2.292595000e-03
Native,gather,uniform,7,16,2.297010000e-03
Native,gather,uniform,7,17,2.285107000e-03
Native,gather,uniform,7,18,2.280947000e-03
Native,gather,uniform,7,19,2.292562000e-03
Atomic,scatter,uniform,8,0,2.120411400e-02
Atomic,scatter,uniform,8,1,2.129249500e-02
Atomic,scatter,uniform,8,2,2.120117000e-02
Atomic,scatter,uniform,8,3,2.125310400e-02
Atomic,scatter,uniform,8,4,2.129761400e-02
Atomic,scatter,uniform,8,5,2.128222400e-02
Atomic,scatter,uniform,8,6,2.127419200e-02
Atomic,scatter,uniform,8,7,2.124516800e-02
Atomic,scatter,uniform,8,8,2.123380900e-02
Atomic,scatter,uniform,8,9,2.123649700e-02
Atomic,scatter,uniform,8,10,2.127041600e-02
Atomic,scatter,uniform,8,11,2.127825600e-02
Atomic,scatter,uniform,8,12,2.121739300e-02
Atomic,scatter,uniform,8,13,2.124935900e-02
Atomic,scatter,uniform,8,14,2.124081700e-02
Atomic,scatter,uniform,8,15,2.128193500e-02
Atomic,scatter,uniform,8,16,2.121585700e-02
Atomic,scatter,uniform,8,17,2.126033600e-02
Atomic,scatter,uniform,8,18,2.130868700e-02
Atomic,scatter,uniform,8,19,2.124497700e-02
Tiled,scatter,uniform,8,0,3.645466900e-02
Tiled,scatter,uniform,8,1,3.645051000e-02
Tiled,scatter,uniform,8,2,3.641742200e-02
Tiled,scatter,uniform,8,3,3.640408000e-02
Tiled,scatter,uniform,8,4,3.622338100e-02
Tiled,scatter,uniform,8,5,3.609359400e-02
Tiled,scatter,uniform,8,6,3.613631200e-02
Tiled,scatter,uniform,8,7,3.613237700e-02
Tiled,scatter,uniform,8,8,3.620430900e-02
Tiled,scatter,uniform,8,9,3.609964200e-02
Tiled,scatter,uniform,8,10,3.613052100e-02
Tiled,scatter,uniform,8,11,3.608354600e-02
Tiled,scatter,uniform,8,12,3.609935400e-02
Tiled,scatter,uniform,8,13,3.614584900e-02
Tiled,scatter,uniform,8,14,3.616607100e-02
Tiled,scatter,uniform,8,15,3.617960800e-02
Tiled,scatter,uniform,8,16,3.613192900e-02
Tiled,scatter,uniform,8,17,3.614594400e-02
Tiled,scatter,uniform,8,18,3.612767200e-02
Tiled,scatter,uniform,8,19,3.614312800e-02
GridParallel,scatter,uniform,8,0,9.004815000e-03
GridParallel,scatter,uniform,8,1,9.007567000e-03
GridParallel,scatter,uniform,8,2,9.003055000e-03
GridParallel,scatter,uniform,8,3,9.009263000e-03
GridParallel,scatter,uniform,8,4,8.996304000e-03
GridParallel,scatter,uniform,8,5,9.006543000e-03
GridParallel,scatter,uniform,8,6,9.012687000e-03
GridParallel,scatter,uniform,8,7,9.017391000e-03
GridParallel,scatter,uniform,8,8,9.002992000e-03
GridParallel,scatter,uniform,8,9,9.011087000e-03
GridParallel,scatter,uniform,8,10,9.006799000e-03
GridParallel,scatter,uniform,8,11,9.004783000e-03
GridParallel,scatter,uniform,8,12,9.005231000e-03
GridParallel,scatter,uniform,8,13,8.998128000e-03
GridParallel,scatter,uniform,8,14,9.001520000e-03
GridParallel,scatter,uniform,8,15,9.008335000e-03
GridParallel,scatter,uniform,8,16,9.016207000e-03
GridParallel,scatter,uniform,8,17,9.017518000e-03
GridParallel,scatter,uniform,8,18,9.006223000e-03
GridParallel,scatter,uniform,8,19,9.014894000e-03
Direct,gather,uniform,8,0,4.537318000e-03
Direct,gather,uniform,8,1,4.531143000e-03
Direct,gather,uniform,8,2,4.527175000e-03
Direct,gather,uniform,8,3,4.529511000e-03
Direct,gather,uniform,8,4,4.539078000e-03
Direct,gather,uniform,8,5,4.549797000e-03
Direct,gather,uniform,8,6,4.534278000e-03
Direct,gather,uniform,8,7,4.535687000e-03
Direct,gather,uniform,8,8,4.543366000e-03
Direct,gather,uniform,8,9,4.533094000e-03
Direct,gather,uniform,8,10,4.534759000e-03
Direct,gather,uniform,8,11,4.529031000e-03
Direct,gather,uniform,8,12,4.527526000e-03
Direct,gather,uniform,8,13,4.534086000e-03
Direct,gather,uniform,8,14,4.539303000e-03
Direct,gather,uniform,8,15,4.532070000e-03
Direct,gather,uniform,8,16,4.545222000e-03
Direct,gather,uniform,8,17,4.534887000e-03
Direct,gather,uniform,8,18,4.532998000e-03
Direct,gather,uniform,8,19,4.531142000e-03
Sorted,gather,uniform,8,0,1.537004000e-03
Sorted,gather,uniform,8,1,1.534732000e-03
Sorted,gather,uniform,8,2,1.542380000e-03
Sorted,gather,uniform,8,3,1.546156000e-03
Sorted,gather,uniform,8,4,1.543500000e-03
Sorted,gather,uniform,8,5,1.543883000e-03
Sorted,gather,uniform,8,6,1.552555000e-03
Sorted,gather,uniform,8,7,1.553036000e-03
Sorted,gather,uniform,8,8,1.550603000e-03
Sorted,gather,uniform,8,9,1.540716000e-03
Sorted,gather,uniform,8,10,1.546188000e-03
Sorted,gather,uniform,8,11,1.547148000e-03
Sorted,gather,uniform,8,12,1.541804000e-03
Sorted,gather,uniform,8,13,1.545644000e-03
Sorted,gather,uniform,8,14,1.544555000e-03
Sorted,gather,uniform,8,15,1.546539000e-03
Sorted,gather,uniform,8,16,1.551788000e-03
Sorted,gather,uniform,8,17,1.543916000e-03
Sorted,gather,uniform,8,18,1.551883000e-03
Sorted,gather,uniform,8,19,1.547531000e-03
TeamParallel,gather,uniform,8,0,3.808767000e-03
TeamParallel,gather,uniform,8,1,3.809631000e-03
TeamParallel,gather,uniform,8,2,3.811743000e-03
TeamParallel,gather,uniform,8,3,3.809151000e-03
TeamParallel,gather,uniform,8,4,3.807263000e-03
TeamParallel,gather,uniform,8,5,3.810271000e-03
TeamParallel,gather,uniform,8,6,3.814974000e-03
TeamParallel,gather,uniform,8,7,3.820958000e-03
TeamParallel,gather,uniform,8,8,3.809471000e-03
TeamParallel,gather,uniform,8,9,3.817759000e-03
TeamParallel,gather,uniform,8,10,3.813599000e-03
TeamParallel,gather,uniform,8,11,3.818175000e-03
TeamParallel,gather,uniform,8,12,3.813759000e-03
TeamParallel,gather,uniform,8,13,3.809983000e-03
TeamParallel,gather,uniform,8,14,3.814431000e-03
TeamParallel,gather,uniform,8,15,3.821246000e-03
TeamParallel,gather,uniform,8,16,3.809695000e-03
TeamParallel,gather,uniform,8,17,3.827134000e-03
TeamParallel,gather,uniform,8,18,3.831135000e-03
TeamParallel,gather,uniform,8,19,3.831102000e-03
Native,gather,uniform,8,0,2.543466000e-03
Native,gather,uniform,8,1,2.551978000e-03
Native,gather,uniform,8,2,2.551786000e-03
Native,gather,uniform,8,3,2.547817000e-03
Native,gather,uniform,8,4,2.551625000e-03
Native,gather,uniform,8,5,2.546826000e-03
Native,gather,uniform,8,6,2.542954000e-03
Native,gather,uniform,8,7,2.553322000e-03
Native,gather,uniform,8,8,2.550986000e-03
Native,gather,uniform,8,9,2.543274000e-03
Native,gather,uniform,8,10,2.554057000e-03
Native,gather,uniform,8,11,2.540778000e-03
Native,gather,uniform,8,12,2.550473000e-03
Native,gather,uniform,8,13,2.549002000e-03
Native,gather,uniform,8,14,2.542218000e-03
Native,gather,uniform,8,15,2.540682000e-03
Native,gather,uniform,8,16,2.549897000e-03
Native,gather,uniform,8,17,2.552362000e-03
Native,gather,uniform,8,18,2.553034000e-03
Native,gather,uniform,8,19,2.539242000e-03
Atomic,scatter,uniform,9,0,3.009725300e-02
Atomic,scatter,uniform,9,1,3.023459300e-02
Atomic,scatter,uniform,9,2,3.017395500e-02
Atomic,scatter,uniform,9,3,3.021731300e-02
Atomic,scatter,uniform,9,4,3.015942600e-02
Atomic,scatter,uniform,9,5,3.012173300e-02
Atomic,scatter,uniform,9,6,3.016137900e-02
Atomic,scatter,uniform,9,7,3.022489700e-02
Atomic,scatter,uniform,9,8,3.022092900e-02
Atomic,scatter,uniform,9,9,3.023692800e-02
Atomic,scatter,uniform,9,10,3.014448300e-02
Atomic,scatter,uniform,9,11,3.019260900e-02
Atomic,scatter,uniform,9,12,3.017625900e-02
Atomic,scatter,uniform,9,13,3.022643300e-02
Atomic,scatter,uniform,9,14,3.018467400e-02
Atomic,scatter,uniform,9,15,3.018739400e-02
Atomic,scatter,uniform,9,16,3.017405000e-02
Atomic,scatter,uniform,9,17,3.012714000e-02
Atomic,scatter,uniform,9,18,3.018137700e-02
Atomic,scatter,uniform,9,19,3.022736000e-02
Tiled,scatter,uniform,9,0,5.398623600e-02
Tiled,scatter,uniform,9,1,5.365866300e-02
Tiled,scatter,uniform,9,2,5.388009500e-02
Tiled,scatter,uniform,9,3,5.361972100e-02
Tiled,scatter,uniform,9,4,5.368256700e-02
Tiled,scatter,uniform,9,5,5.381673700e-02
Tiled,scatter,uniform,9,6,5.378422700e-02
Tiled,scatter,uniform,9,7,5.365235900e-02
Tiled,scatter,uniform,9,8,5.367491900e-02
Tiled,scatter,uniform,9,9,5.359056800e-02
Tiled,scatter,uniform,9,10,5.356625000e-02
Tiled,scatter,uniform,9,11,5.376269200e-02
Tiled,scatter,uniform,9,12,5.368147900e-02
Tiled,scatter,uniform,9,13,5.376761800e-02
Tiled,scatter,uniform,9,14,5.373005300e-02
Tiled,scatter,uniform,9,15,5.380272300e-02
Tiled,scatter,uniform,9,16,5.375907600e-02
Tiled,scatter,uniform,9,17,5.383100800e-02
Tiled,scatter,uniform,9,18,5.378576300e-02
Tiled,scatter,uniform,9,19,5.373251600e-02
GridParallel,scatter,uniform,9,0,2.844943700e-02
GridParallel,scatter,uniform,9,1,2.841663800e-02
GridParallel,scatter,uniform,9,2,2.838979100e-02
GridParallel,scatter,uniform,9,3,2.842339000e-02
GridParallel,scatter,uniform,9,4,2.841791800e-02
GridParallel,scatter,uniform,9,5,2.840134100e-02
GridParallel,scatter,uniform,9,6,2.843023700e-02
GridParallel,scatter,uniform,9,7,2.841823800e-02
GridParallel,scatter,uniform,9,8,2.842281300e-02
GridParallel,scatter,uniform,9,9,2.840035100e-02
GridParallel,scatter,uniform,9,10,2.841017400e-02
GridParallel,scatter,uniform,9,11,2.842089400e-02
GridParallel,scatter,uniform,9,12,2.843257200e-02
GridParallel,scatter,uniform,9,13,2.844182100e-02
GridParallel,scatter,uniform,9,14,2.843219000e-02
GridParallel,scatter,uniform,9,15,2.842230200e-02
GridParallel,scatter,uniform,9,16,2.840127800e-02
GridParallel,scatter,uniform,9,17,2.838646300e-02
GridParallel,scatter,uniform,9,18,2.839881400e-02
GridParallel,scatter,uniform,9,19,2.840774200e-02
Direct,gather,uniform,9,0,6.314602000e-03
Direct,gather,uniform,9,1,6.317802000e-03
Direct,gather,uniform,9,2,6.323178000e-03
Direct,gather,uniform,9,3,6.312202000e-03
Direct,gather,uniform,9,4,6.313098000e-03
Direct,gather,uniform,9,5,6.310442000e-03
Direct,gather,uniform,9,6,6.313866000e-03
Direct,gather,uniform,9,7,6.318570000e-03
Direct,gather,uniform,9,8,6.307275000e-03
Direct,gather,uniform,9,9,6.317450000e-03
Direct,gather,uniform,9,10,6.320010000e-03
Direct,gather,uniform,9,11,6.303403000e-03
Direct,gather,uniform,9,12,6.320970000e-03
Direct,gather,uniform,9,13,6.338730000e-03
Direct,gather,uniform,9,14,6.310794000e-03
Direct,gather,uniform,9,15,6.307499000e-03
Direct,gather,uniform,9,16,6.327658000e-03
Direct,gather,uniform,9,17,6.302507000e-03
Direct,gather,uniform,9,18,6.310954000e-03
Direct,gather,uniform,9,19,6.315722000e-03
Sorted,gather,uniform,9,0,2.334865000e-03
Sorted,gather,uniform,9,1,2.336817000e-03
Sorted,gather,uniform,9,2,2.340656000e-03
Sorted,gather,uniform,9,3,2.338448000e-03
Sorted,gather,uniform,9,4,2.336208000e-03
Sorted,gather,uniform,9,5,2.336944000e-03
Sorted,gather,uniform,9,6,2.343472000e-03
Sorted,gather,uniform,9,7,2.337553000e-03
Sorted,gather,uniform,9,8,2.339153000e-03
Sorted,gather,uniform,9,9,2.331473000e-03
Sorted,gather,uniform,9,10,2.342160000e-03
Sorted,gather,uniform,9,11,2.343729000e-03
Sorted,gather,uniform,9,12,2.343761000e-03
Sorted,gather,uniform,9,13,2.342321000e-03
Sorted,gather,uniform,9,14,2.343121000e-03
Sorted,gather,uniform,9,15,2.338993000e-03
Sorted,gather,uniform,9,16,2.340912000e-03
Sorted,gather,uniform,9,17,2.340049000e-03
Sorted,gather,uniform,9,18,2.344816000e-03
Sorted,gather,uniform,9,19,2.348977000e-03
TeamParallel,gather,uniform,9,0,4.742368000e-03
TeamParallel,gather,uniform,9,1,4.745791000e-03
TeamParallel,gather,uniform,9,2,4.737152000e-03
TeamParallel,gather,uniform,9,3,4.740512000e-03
TeamParallel,gather,uniform,9,4,4.744351000e-03
TeamParallel,gather,uniform,9,5,4.743808000e-03
TeamParallel,gather,uniform,9,6,4.740159000e-03
TeamParallel,gather,uniform,9,7,4.746367000e-03
TeamParallel,gather,uniform,9,8,4.733472000e-03
TeamParallel,gather,uniform,9,9,4.745120000e-03
TeamParallel,gather,uniform,9,10,4.737343000e-03
TeamParallel,gather,uniform,9,11,4.728992000e-03
TeamParallel,gather,uniform,9,12,4.729087000e-03
TeamParallel,gather,uniform,9,13,4.743839000e-03
TeamParallel,gather,uniform,9,14,4.735168000e-03
TeamParallel,gather,uniform,9,15,4.741792000e-03
TeamParallel,gather,uniform,9,16,4.730368000e-03
TeamParallel,gather,uniform,9,17,4.734783000e-03
TeamParallel,gather,uniform,9,18,4.742559000e-03
TeamParallel,gather,uniform,9,19,4.746272000e-03
Native,gather,uniform,9,0,3.547047000e-03
Native,gather,uniform,9,1,3.551495000e-03
Native,gather,uniform,9,2,3.543112000e-03
Native,gather,uniform,9,3,3.537768000e-03
Native,gather,uniform,9,4,3.547688000e-03
Native,gather,uniform,9,5,3.535721000e-03
Native,gather,uniform,9,6,3.552008000e-03
Native,gather,uniform,9,7,3.547208000e-03
Native,gather,uniform,9,8,3.545832000e-03
Native,gather,uniform,9,9,3.546632000e-03
Native,gather,uniform,9,10,3.547528000e-03
Native,gather,uniform,9,11,3.544648000e-03
Native,gather,uniform,9,12,3.549608000e-03
Native,gather,uniform,9,13,3.539848000e-03
Native,gather,uniform,9,14,3.555271000e-03
Native,gather,uniform,9,15,3.539048000e-03
Native,gather,uniform,9,16,3.545960000e-03
Native,gather,uniform,9,17,3.555143000e-03
Native,gather,uniform,9,18,3.549095000e-03
Native,gather,uniform,9,19,3.546119000e-03
Atomic,scatter,uniform,10,0,4.134048900e-02
Atomic,scatter,uniform,10,1,4.126477900e-02
Atomic,scatter,uniform,10,2,4.141907800e-02
Atomic,scatter,uniform,10,3,4.121969300e-02
Atomic,scatter,uniform,10,4,4.137872500e-02
Atomic,scatter,uniform,10,5,4.127764300e-02
Atomic,scatter,uniform,10,6,4.146842000e-02
Atomic,scatter,uniform,10,7,4.136144800e-02
Atomic,scatter,uniform,10,8,4.133984900e-02
Atomic,scatter,uniform,10,9,4.133306400e-02
Atomic,scatter,uniform,10,10,4.155836900e-02
Atomic,scatter,uniform,10,11,4.134663200e-02
Atomic,scatter,uniform,10,12,4.134132000e-02
Atomic,scatter,uniform,10,13,4.147459600e-02
Atomic,scatter,uniform,10,14,4.134941600e-02
Atomic,scatter,uniform,10,15,4.142704500e-02
Atomic,scatter,uniform,10,16,4.140877400e-02
Atomic,scatter,uniform,10,17,4.134356000e-02
Atomic,scatter,uniform,10,18,4.149085100e-02
Atomic,scatter,uniform,10,19,4.150534600e-02
Tiled,scatter,uniform,10,0,6.135686700e-02
Tiled,scatter,uniform,10,1,6.100884600e-02
Tiled,scatter,uniform,10,2,6.097230400e-02
Tiled,scatter,uniform,10,3,6.098177500e-02
Tiled,scatter,uniform,10,4,6.093524900e-02
Tiled,scatter,uniform,10,5,6.096951900e-02
Tiled,scatter,uniform,10,6,6.098049500e-02
Tiled,scatter,uniform,10,7,6.099201500e-02
Tiled,scatter,uniform,10,8,6.093460800e-02
Tiled,scatter,uniform,10,9,6.100059000e-02
Tiled,scatter,uniform,10,10,6.093960100e-02
Tiled,scatter,uniform,10,11,6.095259200e-02
Tiled,scatter,uniform,10,12,6.095771100e-02
Tiled,scatter,uniform,10,13,6.096190400e-02
Tiled,scatter,uniform,10,14,6.100900600e-02
Tiled,scatter,uniform,10,15,6.096071900e-02
Tiled,scatter,uniform,10,16,6.100308600e-02
Tiled,scatter,uniform,10,17,6.092094500e-02
Tiled,scatter,uniform,10,18,6.092724900e-02
Tiled,scatter,uniform,10,19,6.094430300e-02
GridParallel,scatter,uniform,10,0,1.826027800e-02
GridParallel,scatter,uniform,10,1,1.827359000e-02
GridParallel,scatter,uniform,10,2,1.827698100e-02
GridParallel,scatter,uniform,10,3,1.826837200e-02
GridParallel,scatter,uniform,10,4,1.826971800e-02
GridParallel,scatter,uniform,10,5,1.826635800e-02
GridParallel,scatter,uniform,10,6,1.825698200e-02
GridParallel,scatter,uniform,10,7,1.826091800e-02
GridParallel,scatter,uniform,10,8,1.826335000e-02
GridParallel,scatter,uniform,10,9,1.825391000e-02
GridParallel,scatter,uniform,10,10,1.826805400e-02
GridParallel,scatter,uniform,10,11,1.825631000e-02
GridParallel,scatter,uniform,10,12,1.827282200e-02
GridParallel,scatter,uniform,10,13,1.826680600e-02
GridParallel,scatter,uniform,10,14,1.827506100e-02
GridParallel,scatter,uniform,10,15,1.827179800e-02
GridParallel,scatter,uniform,10,16,1.827045400e-02
GridParallel,scatter,uniform,10,17,1.825986200e-02
GridParallel,scatter,uniform,10,18,1.826111000e-02
GridParallel,scatter,uniform,10,19,1.825557400e-02
Direct,gather,uniform,10,0,8.487681000e-03
Direct,gather,uniform,10,1,8.482881000e-03
Direct,gather,uniform,10,2,8.486529000e-03
Direct,gather,uniform,10,3,8.480033000e-03
Direct,gather,uniform,10,4,8.492513000e-03
Direct,gather,uniform,10,5,8.486304000e-03
Direct,gather,uniform,10,6,8.486336000e-03
Direct,gather,uniform,10,7,8.491745000e-03
Direct,gather,uniform,10,8,8.477568000e-03
Direct,gather,uniform,10,9,8.477793000e-03
Direct,gather,uniform,10,10,8.481793000e-03
Direct,gather,uniform,10,11,8.478625000e-03
Direct,gather,uniform,10,12,8.493920000e-03
Direct,gather,uniform,10,13,8.481345000e-03
Direct,gather,uniform,10,14,8.489633000e-03
Direct,gather,uniform,10,15,8.481249000e-03
Direct,gather,uniform,10,16,8.481793000e-03
Direct,gather,uniform,10,17,8.495649000e-03
Direct,gather,uniform,10,18,8.482977000e-03
Direct,gather,uniform,10,19,8.482081000e-03
Sorted,gather,uniform,10,0,2.498316000e-03
Sorted,gather,uniform,10,1,2.493036000e-03
Sorted,gather,uniform,10,2,2.490475000e-03
Sorted,gather,uniform,10,3,2.495595000e-03
Sorted,gather,uniform,10,4,2.504107000e-03
Sorted,gather,uniform,10,5,2.499563000e-03
Sorted,gather,uniform,10,6,2.493772000e-03
Sorted,gather,uniform,10,7,2.501259000e-03
Sorted,gather,uniform,10,8,2.506092000e-03
Sorted,gather,uniform,10,9,2.508811000e-03
Sorted,gather,uniform,10,10,2.500043000e-03
Sorted,gather,uniform,10,11,2.509867000e-03
Sorted,gather,uniform,10,12,2.502155000e-03
Sorted,gather,uniform,10,13,2.504844000e-03
Sorted,gather,uniform,10,14,2.503691000e-03
Sorted,gather,uniform,10,15,2.500875000e-03
Sorted,gather,uniform,10,16,2.507179000e-03
Sorted,gather,uniform,10,17,2.499115000e-03
Sorted,gather,uniform,10,18,2.497483000e-03
Sorted,gather,uniform,10,19,2.492044000e-03
TeamParallel,gather,uniform,10,0,5.708894000e-03
TeamParallel,gather,uniform,10,1,5.715871000e-03
TeamParallel,gather,uniform,10,2,5.710846000e-03
TeamParallel,gather,uniform,10,3,5.707198000e-03
TeamParallel,gather,uniform,10,4,5.712670000e-03
TeamParallel,gather,uniform,10,5,5.701343000e-03
TeamParallel,gather,uniform,10,6,5.718078000e-03
TeamParallel,gather,uniform,10,7,5.684672000e-03
TeamParallel,gather,uniform,10,8,5.692703000e-03
TeamParallel,gather,uniform,10,9,5.695712000e-03
TeamParallel,gather,uniform,10,10,5.687871000e-03
TeamParallel,gather,uniform,10,11,5.704991000e-03
TeamParallel,gather,uniform,10,12,5.706399000e-03
TeamParallel,gather,uniform,10,13,5.700447000e-03
TeamParallel,gather,uniform,10,14,5.712510000e-03
TeamParallel,gather,uniform,10,15,5.722911000e-03
TeamParallel,gather,uniform,10,16,5.712094000e-03
TeamParallel,gather,uniform,10,17,5.700063000e-03
TeamParallel,gather,uniform,10,18,5.692447000e-03
TeamParallel,gather,uniform,10,19,5.701887000e-03
Native,gather,uniform,10,0,4.463625000e-03
Native,gather,uniform,10,1,4.458889000e-03
Native,gather,uniform,10,2,4.460521000e-03
Native,gather,uniform,10,3,4.475464000e-03
Native,gather,uniform,10,4,4.458313000e-03
Native,gather,uniform,10,5,4.476296000e-03
Native,gather,uniform,10,6,4.464905000e-03
Native,gather,uniform,10,7,4.474985000e-03
Native,gather,uniform,10,8,4.461193000e-03
Native,gather,uniform,10,9,4.469801000e-03
Native,gather,uniform,10,10,4.448745000e-03
Native,gather,uniform,10,11,4.471817000e-03
Native,gather,uniform,10,12,4.465033000e-03
Native,gather,uniform,10,13,4.469129000e-03
Native,gather,uniform,10,14,4.457961000e-03
Native,gather,uniform,10,15,4.474953000e-03
Native,gather,uniform,10,16,4.461577000e-03
Native,gather,uniform,10,17,4.453097000e-03
Native,gather,uniform,10,18,4.458761000e-03
Native,gather,uniform,10,19,4.459688000e-03
Atomic,scatter,uniform,11,0,5.534343900e-02
Atomic,scatter,uniform,11,1,5.517198800e-02
Atomic,scatter,uniform,11,2,5.509976500e-02
Atomic,scatter,uniform,11,3,5.512008600e-02
Atomic,scatter,uniform,11,4,5.509378200e-02
Atomic,scatter,uniform,11,5,5.526664100e-02
Atomic,scatter,uniform,11,6,5.494441000e-02
Atomic,scatter,uniform,11,7,5.536452500e-02
Atomic,scatter,uniform,11,8,5.524923300e-02
Atomic,scatter,uniform,11,9,5.511567000e-02
Atomic,scatter,uniform,11,10,5.489855700e-02
Atomic,scatter,uniform,11,11,5.519937900e-02
Atomic,scatter,uniform,11,12,5.531044800e-02
Atomic,scatter,uniform,11,13,5.529249500e-02
Atomic,scatter,uniform,11,14,5.530072000e-02
Atomic,scatter,uniform,11,15,5.504789700e-02
Atomic,scatter,uniform,11,16,5.535982200e-02
Atomic,scatter,uniform,11,17,5.507074200e-02
Atomic,scatter,uniform,11,18,5.512613300e-02
Atomic,scatter,uniform,11,19,5.532526300e-02
Tiled,scatter,uniform,11,0,8.329298700e-02
Tiled,scatter,uniform,11,1,8.328089200e-02
Tiled,scatter,uniform,11,2,8.332047500e-02
Tiled,scatter,uniform,11,3,8.330700200e-02
Tiled,scatter,uniform,11,4,8.328652400e-02
Tiled,scatter,uniform,11,5,8.332351300e-02
Tiled,scatter,uniform,11,6,8.330591500e-02
Tiled,scatter,uniform,11,7,8.329554800e-02
Tiled,scatter,uniform,11,8,8.330636200e-02
Tiled,scatter,uniform,11,9,8.330405900e-02
Tiled,scatter,uniform,11,10,8.333663400e-02
Tiled,scatter,uniform,11,11,8.330514700e-02
Tiled,scatter,uniform,11,12,8.338469700e-02
Tiled,scatter,uniform,11,13,8.328373900e-02
Tiled,scatter,uniform,11,14,8.327164400e-02
Tiled,scatter,uniform,11,15,8.330066800e-02
Tiled,scatter,uniform,11,16,8.326153200e-02
Tiled,scatter,uniform,11,17,8.330812300e-02
Tiled,scatter,uniform,11,18,8.329855500e-02
Tiled,scatter,uniform,11,19,8.329881200e-02
GridParallel,scatter,uniform,11,0,2.802583600e-02
GridParallel,scatter,uniform,11,1,2.801783600e-02
GridParallel,scatter,uniform,11,2,2.802692300e-02
GridParallel,scatter,uniform,11,3,2.800772400e-02
GridParallel,scatter,uniform,11,4,2.800644300e-02
GridParallel,scatter,uniform,11,5,2.801018700e-02
GridParallel,scatter,uniform,11,6,2.800442800e-02
GridParallel,scatter,uniform,11,7,2.801703500e-02
GridParallel,scatter,uniform,11,8,2.802004300e-02
GridParallel,scatter,uniform,11,9,2.801508300e-02
GridParallel,scatter,uniform,11,10,2.801777200e-02
GridParallel,scatter,uniform,11,11,2.801041200e-02
GridParallel,scatter,uniform,11,12,2.802209000e-02
GridParallel,scatter,uniform,11,13,2.800801200e-02
GridParallel,scatter,uniform,11,14,2.800820400e-02
GridParallel,scatter,uniform,11,15,2.801562800e-02
GridParallel,scatter,uniform,11,16,2.802638000e-02
GridParallel,scatter,uniform,11,17,2.801818800e-02
GridParallel,scatter,uniform,11,18,2.800465200e-02
GridParallel,scatter,uniform,11,19,2.800692400e-02
Direct,gather,uniform,11,0,1.131468900e-02
Direct,gather,uniform,11,1,1.131552100e-02
Direct,gather,uniform,11,2,1.128477000e-02
Direct,gather,uniform,11,3,1.129315400e-02
Direct,gather,uniform,11,4,1.131180900e-02
Direct,gather,uniform,11,5,1.127741000e-02
Direct,gather,uniform,11,6,1.129920100e-02
Direct,gather,uniform,11,7,1.129811300e-02
Direct,gather,uniform,11,8,1.129344200e-02
Direct,gather,uniform,11,9,1.132172900e-02
Direct,gather,uniform,11,10,1.131606500e-02
Direct,gather,uniform,11,11,1.129485000e-02
Direct,gather,uniform,11,12,1.129897700e-02
Direct,gather,uniform,11,13,1.129101000e-02
Direct,gather,uniform,11,14,1.129907300e-02
Direct,gather,uniform,11,15,1.129091400e-02
Direct,gather,uniform,11,16,1.128406600e-02
Direct,gather,uniform,11,17,1.131350500e-02
Direct,gather,uniform,11,18,1.128861000e-02
Direct,gather,uniform,11,19,1.129878600e-02
Sorted,gather,uniform,11,0,4.036183000e-03
Sorted,gather,uniform,11,1,4.030616000e-03
Sorted,gather,uniform,11,2,4.031608000e-03
Sorted,gather,uniform,11,3,4.040567000e-03
Sorted,gather,uniform,11,4,4.031096000e-03
Sorted,gather,uniform,11,5,4.024888000e-03
Sorted,gather,uniform,11,6,4.043479000e-03
Sorted,gather,uniform,11,7,4.030456000e-03
Sorted,gather,uniform,11,8,4.024663000e-03
Sorted,gather,uniform,11,9,4.016216000e-03
Sorted,gather,uniform,11,10,4.020216000e-03
Sorted,gather,uniform,11,11,4.017592000e-03
Sorted,gather,uniform,11,12,4.013304000e-03
Sorted,gather,uniform,11,13,4.016696000e-03
Sorted,gather,uniform,11,14,4.022167000e-03
Sorted,gather,uniform,11,15,4.010072000e-03
Sorted,gather,uniform,11,16,4.005720000e-03
Sorted,gather,uniform,11,17,4.016152000e-03
Sorted,gather,uniform,11,18,4.018008000e-03
Sorted,gather,uniform,11,19,4.018616000e-03
TeamParallel,gather,uniform,11,0,6.874999000e-03
TeamParallel,gather,uniform,11,1,6.878102000e-03
TeamParallel,gather,uniform,11,2,6.871607000e-03
TeamParallel,gather,uniform,11,3,6.886230000e-03
TeamParallel,gather,uniform,11,4,6.897462000e-03
TeamParallel,gather,uniform,11,5,6.902071000e-03
TeamParallel,gather,uniform,11,6,6.882231000e-03
TeamParallel,gather,uniform,11,7,6.890551000e-03
TeamParallel,gather,uniform,11,8,6.883223000e-03
TeamParallel,gather,uniform,11,9,6.873847000e-03
TeamParallel,gather,uniform,11,10,6.886966000e-03
TeamParallel,gather,uniform,11,11,6.885910000e-03
TeamParallel,gather,uniform,11,12,6.890518000e-03
TeamParallel,gather,uniform,11,13,6.898359000e-03
TeamParallel,gather,uniform,11,14,6.896855000e-03
TeamParallel,gather,uniform,11,15,6.895990000e-03
TeamParallel,gather,uniform,11,16,6.893047000e-03
TeamParallel,gather,uniform,11,17,6.891511000e-03
TeamParallel,gather,uniform,11,18,6.884663000e-03
TeamParallel,gather,uniform,11,19,6.875384000e-03
Native,gather,uniform,11,0,5.700351000e-03
Native,gather,uniform,11,1,5.680160000e-03
Native,gather,uniform,11,2,5.714302000e-03
Native,gather,uniform,11,3,5.713791000e-03
Native,gather,uniform,11,4,5.695391000e-03
Native,gather,uniform,11,5,5.694112000e-03
Native,gather,uniform,11,6,5.681983000e-03
Native,gather,uniform,11,7,5.685535000e-03
Native,gather,uniform,11,8,5.681056000e-03
Native,gather,uniform,11,9,5.661311000e-03
Native,gather,uniform,11,10,5.668640000e-03
Native,gather,uniform,11,11,5.665312000e-03
Native,gather,uniform,11,12,5.678624000e-03
Native,gather,uniform,11,13,5.667040000e-03
Native,gather,uniform,11,14,5.665856000e-03
Native,gather,uniform,11,15,5.680447000e-03
Native,gather,uniform,11,16,5.688256000e-03
Native,gather,uniform,11,17,5.690367000e-03
Native,gather,uniform,11,18,5.682720000e-03
Native,gather,uniform,11,19,5.677280000e-03
